<meta>
    <info type="map" name="[JNA]Impossible Jump" author="Jasenko" version="1.0.0"></info>
    <map src="[JNA]Impossible Jump.map" dimension="0"></map>
    <settings>
        <setting name="#skins" value='[ &quot;cj&quot; ]'></setting>
        <setting name="#gamespeed" value="[ 1 ]"></setting>
        <setting name="#ghostmode" value='[ &quot;false&quot; ]'></setting>
        <setting name="#vehicleweapons" value='[ &quot;false&quot; ]'></setting>
        <setting name="#minplayers" value="[ 0 ]"></setting>
        <setting name="#waveheight" value="[ 0 ]"></setting>
        <setting name="#duration" value="[ 1800 ]"></setting>
        <setting name="#respawn" value='[ &quot;timelimit&quot; ]'></setting>
        <setting name="#maxplayers" value="[ 128 ]"></setting>
        <setting name="#respawn_time" value="[ 10 ]"></setting>
        <setting name="#time" value="12:0"></setting>
        <setting name="#spawn_weapons" value='[ &quot;22:100&quot; ]'></setting>
        <setting name="#respawntime" value="[ 5 ]"></setting>
        <setting name="#weather" value="[ 0 ]"></setting>
        <setting name="#frag_limit" value="[ 10 ]"></setting>
        <setting name="#locked_time" value="[ false ]"></setting>
        <setting name="#time_limit" value="[ 600 ]"></setting>
        <setting name="#gravity" value="[ 0.008000 ]"></setting>
    </settings>
</meta>
