{
	"user": "Seanny",
	"repo": "DC-RP",
	"entry": "gamemodes/DCRP.pwn",
	"output": "gamemodes/DCRP.amx",
	"local": true,
	"dependencies": [
		"sampctl/samp-stdlib",
		"pawn-lang/YSI-Includes",
		"Zeex/samp-plugin-crashdetect",
		"samp-incognito/samp-streamer-plugin",
		"pBlueG/SA-MP-MySQL",
		"urShadow/Pawn.CMD",
		"maddinat0r/sscanf",
		"maddinat0r/samp-discord-connector",
		"RogueDrifter/Anti_cheat_pack",
		"Awsomedude/easyDialog",
		"Southclaws/samp-plugin-mapandreas",
		"Open-GTO/sa-mp-fixes"
	],
	"builds": [
		{
			"name": "main",
			"includes": [
				"legacy"
			]
		}
	],
	"runtime": {
		"version": "0.3.DL",
		"gamemodes": ["DCRP"],
		"rcon_password": "!,NiFb583::,",
		"hostname": "Desert County Roleplay",
		"announce": true,
		"maxplayers": 100,
		"port": 7777,
		"rcon": false,
		"extra": {
			"useartwork": "1",
			"discord_bot_token": "NDA0NjQxMTg0MTIwODMyMDAx.DXeIvQ.1YJQ1W0Xn_jsnjlC10_yYT3H6RY"
		}
	}
	
}