<?xml version="1.0" encoding="ISO-8859-1"?>
<?xml-stylesheet href="file:///D|/Development/SAS-RP/SA-MP-Development/pawno/xml/pawndoc.xsl" type="text/xsl"?>
<doc source="D:\Development\SAS-RP\SA-MP-Development\npcmodes\npcidle.pwn">
	<assembly>
		<name>npcidle.pwn</name>
	</assembly>
	<members>

		<!-- enumerations -->

		<!-- constants -->
		<member name="C:cellmax" value="2147483647">
			<referrer name="operator!(Float:)"/>
		</member>
		<member name="C:cellmin" value="-2147483648">
			<referrer name="operator-(Float:)"/>
		</member>
		<member name="C:false" value="0">
			<tagname value="bool"/>
		</member>
		<member name="C:true" value="1">
			<tagname value="bool"/>
		</member>

		<!-- variables -->
		<member name="F:__date">
		</member>
		<member name="F:__file">
		</member>
		<member name="F:__file">
		</member>
		<member name="F:__file">
		</member>
		<member name="F:__file">
		</member>
		<member name="F:__file">
		</member>
		<member name="F:__file">
		</member>
		<member name="F:__file">
		</member>
		<member name="F:__file">
		</member>
		<member name="F:__time">
		</member>

		<!-- functions -->
		<member name="M:operator!(Float:)" syntax="operator!(Float:)(oper)">
			<tagname value="bool"/>
			<stacksize value="1"/>
			<dependency name="cellmax"/>
			<param name="oper">
				<paraminfo>Float </paraminfo>
			</param>
		</member>
		<member name="M:operator%(_:,Float:)" syntax="operator%(_:,Float:)(oper1, oper2)">
			<stacksize value="1"/>
			<param name="oper1">
			</param>
			<param name="oper2">
				<paraminfo>Float </paraminfo>
			</param>
		</member>
		<member name="M:operator%(Float:,_:)" syntax="operator%(Float:,_:)(oper1, oper2)">
			<stacksize value="1"/>
			<param name="oper1">
				<paraminfo>Float </paraminfo>
			</param>
			<param name="oper2">
			</param>
		</member>
		<member name="M:operator%(Float:,Float:)" syntax="operator%(Float:,Float:)(oper1, oper2)">
			<stacksize value="1"/>
			<param name="oper1">
				<paraminfo>Float </paraminfo>
			</param>
			<param name="oper2">
				<paraminfo>Float </paraminfo>
			</param>
		</member>
		<member name="M:operator!=(Float:,_:)" syntax="operator!=(Float:,_:)(oper1, oper2)">
			<tagname value="bool"/>
			<stacksize value="4"/>
			<dependency name="float"/>
			<dependency name="floatcmp"/>
			<param name="oper1">
				<paraminfo>Float </paraminfo>
			</param>
			<param name="oper2">
			</param>
		</member>
		<member name="M:operator!=(Float:,Float:)" syntax="operator!=(Float:,Float:)(oper1, oper2)">
			<tagname value="bool"/>
			<stacksize value="4"/>
			<dependency name="floatcmp"/>
			<param name="oper1">
				<paraminfo>Float </paraminfo>
			</param>
			<param name="oper2">
				<paraminfo>Float </paraminfo>
			</param>
		</member>
		<member name="M:operator-(_:,Float:)" syntax="operator-(_:,Float:)(oper1, oper2)">
			<tagname value="Float"/>
			<stacksize value="4"/>
			<dependency name="float"/>
			<dependency name="floatsub"/>
			<param name="oper1">
			</param>
			<param name="oper2">
				<paraminfo>Float </paraminfo>
			</param>
		</member>
		<member name="M:operator-(Float:,_:)" syntax="operator-(Float:,_:)(oper1, oper2)">
			<tagname value="Float"/>
			<stacksize value="4"/>
			<dependency name="float"/>
			<dependency name="floatsub"/>
			<param name="oper1">
				<paraminfo>Float </paraminfo>
			</param>
			<param name="oper2">
			</param>
		</member>
		<member name="M:operator+(Float:,_:)" syntax="operator+(Float:,_:)(oper1, oper2)">
			<tagname value="Float"/>
			<stacksize value="4"/>
			<dependency name="float"/>
			<dependency name="floatadd"/>
			<param name="oper1">
				<paraminfo>Float </paraminfo>
			</param>
			<param name="oper2">
			</param>
		</member>
		<member name="M:operator/(_:,Float:)" syntax="operator/(_:,Float:)(oper1, oper2)">
			<tagname value="Float"/>
			<stacksize value="4"/>
			<dependency name="float"/>
			<dependency name="floatdiv"/>
			<param name="oper1">
			</param>
			<param name="oper2">
				<paraminfo>Float </paraminfo>
			</param>
		</member>
		<member name="M:operator/(Float:,_:)" syntax="operator/(Float:,_:)(oper1, oper2)">
			<tagname value="Float"/>
			<stacksize value="4"/>
			<dependency name="float"/>
			<dependency name="floatdiv"/>
			<param name="oper1">
				<paraminfo>Float </paraminfo>
			</param>
			<param name="oper2">
			</param>
		</member>
		<member name="M:operator*(Float:,_:)" syntax="operator*(Float:,_:)(oper1, oper2)">
			<tagname value="Float"/>
			<stacksize value="4"/>
			<dependency name="float"/>
			<dependency name="floatmul"/>
			<param name="oper1">
				<paraminfo>Float </paraminfo>
			</param>
			<param name="oper2">
			</param>
		</member>
		<member name="M:operator++(Float:)" syntax="operator++(Float:)(oper)">
			<tagname value="Float"/>
			<stacksize value="1"/>
			<dependency name="operator+(Float:,Float:)"/>
			<param name="oper">
				<paraminfo>Float </paraminfo>
			</param>
		</member>
		<member name="M:operator-(Float:)" syntax="operator-(Float:)(oper)">
			<tagname value="Float"/>
			<stacksize value="1"/>
			<dependency name="cellmin"/>
			<param name="oper">
				<paraminfo>Float </paraminfo>
			</param>
		</member>
		<member name="M:operator--(Float:)" syntax="operator--(Float:)(oper)">
			<tagname value="Float"/>
			<stacksize value="1"/>
			<dependency name="operator-(Float:,Float:)"/>
			<param name="oper">
				<paraminfo>Float </paraminfo>
			</param>
		</member>
		<member name="M:operator-(Float:,Float:)" syntax="operator-(Float:,Float:)(oper1, oper2)">
			<tagname value="Float"/>
			<attribute name="native"/>
			<referrer name="operator--(Float:)"/>
			<param name="oper1">
				<paraminfo>Float </paraminfo>
			</param>
			<param name="oper2">
				<paraminfo>Float </paraminfo>
			</param>
		</member>
		<member name="M:operator+(Float:,Float:)" syntax="operator+(Float:,Float:)(oper1, oper2)">
			<tagname value="Float"/>
			<attribute name="native"/>
			<referrer name="operator++(Float:)"/>
			<param name="oper1">
				<paraminfo>Float </paraminfo>
			</param>
			<param name="oper2">
				<paraminfo>Float </paraminfo>
			</param>
		</member>
		<member name="M:operator==(Float:,Float:)" syntax="operator==(Float:,Float:)(oper1, oper2)">
			<tagname value="bool"/>
			<stacksize value="4"/>
			<dependency name="floatcmp"/>
			<param name="oper1">
				<paraminfo>Float </paraminfo>
			</param>
			<param name="oper2">
				<paraminfo>Float </paraminfo>
			</param>
		</member>
		<member name="M:operator==(Float:,_:)" syntax="operator==(Float:,_:)(oper1, oper2)">
			<tagname value="bool"/>
			<stacksize value="4"/>
			<dependency name="float"/>
			<dependency name="floatcmp"/>
			<param name="oper1">
				<paraminfo>Float </paraminfo>
			</param>
			<param name="oper2">
			</param>
		</member>
		<member name="M:operator&gt;(Float:,Float:)" syntax="operator&gt;(Float:,Float:)(oper1, oper2)">
			<tagname value="bool"/>
			<stacksize value="4"/>
			<dependency name="floatcmp"/>
			<param name="oper1">
				<paraminfo>Float </paraminfo>
			</param>
			<param name="oper2">
				<paraminfo>Float </paraminfo>
			</param>
		</member>
		<member name="M:operator&gt;(Float:,_:)" syntax="operator&gt;(Float:,_:)(oper1, oper2)">
			<tagname value="bool"/>
			<stacksize value="4"/>
			<dependency name="float"/>
			<dependency name="floatcmp"/>
			<param name="oper1">
				<paraminfo>Float </paraminfo>
			</param>
			<param name="oper2">
			</param>
		</member>
		<member name="M:operator&gt;(_:,Float:)" syntax="operator&gt;(_:,Float:)(oper1, oper2)">
			<tagname value="bool"/>
			<stacksize value="4"/>
			<dependency name="float"/>
			<dependency name="floatcmp"/>
			<param name="oper1">
			</param>
			<param name="oper2">
				<paraminfo>Float </paraminfo>
			</param>
		</member>
		<member name="M:operator&gt;=(Float:,Float:)" syntax="operator&gt;=(Float:,Float:)(oper1, oper2)">
			<tagname value="bool"/>
			<stacksize value="4"/>
			<dependency name="floatcmp"/>
			<param name="oper1">
				<paraminfo>Float </paraminfo>
			</param>
			<param name="oper2">
				<paraminfo>Float </paraminfo>
			</param>
		</member>
		<member name="M:operator&gt;=(Float:,_:)" syntax="operator&gt;=(Float:,_:)(oper1, oper2)">
			<tagname value="bool"/>
			<stacksize value="4"/>
			<dependency name="float"/>
			<dependency name="floatcmp"/>
			<param name="oper1">
				<paraminfo>Float </paraminfo>
			</param>
			<param name="oper2">
			</param>
		</member>
		<member name="M:operator&gt;=(_:,Float:)" syntax="operator&gt;=(_:,Float:)(oper1, oper2)">
			<tagname value="bool"/>
			<stacksize value="4"/>
			<dependency name="float"/>
			<dependency name="floatcmp"/>
			<param name="oper1">
			</param>
			<param name="oper2">
				<paraminfo>Float </paraminfo>
			</param>
		</member>
		<member name="M:operator&lt;(Float:,Float:)" syntax="operator&lt;(Float:,Float:)(oper1, oper2)">
			<tagname value="bool"/>
			<stacksize value="4"/>
			<dependency name="floatcmp"/>
			<param name="oper1">
				<paraminfo>Float </paraminfo>
			</param>
			<param name="oper2">
				<paraminfo>Float </paraminfo>
			</param>
		</member>
		<member name="M:operator&lt;(Float:,_:)" syntax="operator&lt;(Float:,_:)(oper1, oper2)">
			<tagname value="bool"/>
			<stacksize value="4"/>
			<dependency name="float"/>
			<dependency name="floatcmp"/>
			<param name="oper1">
				<paraminfo>Float </paraminfo>
			</param>
			<param name="oper2">
			</param>
		</member>
		<member name="M:operator&lt;(_:,Float:)" syntax="operator&lt;(_:,Float:)(oper1, oper2)">
			<tagname value="bool"/>
			<stacksize value="4"/>
			<dependency name="float"/>
			<dependency name="floatcmp"/>
			<param name="oper1">
			</param>
			<param name="oper2">
				<paraminfo>Float </paraminfo>
			</param>
		</member>
		<member name="M:operator&lt;=(Float:,Float:)" syntax="operator&lt;=(Float:,Float:)(oper1, oper2)">
			<tagname value="bool"/>
			<stacksize value="4"/>
			<dependency name="floatcmp"/>
			<param name="oper1">
				<paraminfo>Float </paraminfo>
			</param>
			<param name="oper2">
				<paraminfo>Float </paraminfo>
			</param>
		</member>
		<member name="M:operator&lt;=(Float:,_:)" syntax="operator&lt;=(Float:,_:)(oper1, oper2)">
			<tagname value="bool"/>
			<stacksize value="4"/>
			<dependency name="float"/>
			<dependency name="floatcmp"/>
			<param name="oper1">
				<paraminfo>Float </paraminfo>
			</param>
			<param name="oper2">
			</param>
		</member>
		<member name="M:operator&lt;=(_:,Float:)" syntax="operator&lt;=(_:,Float:)(oper1, oper2)">
			<tagname value="bool"/>
			<stacksize value="4"/>
			<dependency name="float"/>
			<dependency name="floatcmp"/>
			<param name="oper1">
			</param>
			<param name="oper2">
				<paraminfo>Float </paraminfo>
			</param>
		</member>
		<member name="M:@receivepacket" syntax="@receivepacket(packet[], size, source[])">
			<attribute name="public"/>
			<stacksize value="1"/>
			<param name="packet">
				<paraminfo> [] </paraminfo>
			</param>
			<param name="size">
			</param>
			<param name="source">
				<paraminfo> [] </paraminfo>
			</param>
		</member>
		<member name="M:@receivestring" syntax="@receivestring(message[], source[])">
			<attribute name="public"/>
			<stacksize value="1"/>
			<param name="message">
				<paraminfo> [] </paraminfo>
			</param>
			<param name="source">
				<paraminfo> [] </paraminfo>
			</param>
		</member>
		<member name="M:OnClientMessage" syntax="OnClientMessage(color, text[])">
			<stacksize value="1"/>
			<param name="color">
			</param>
			<param name="text">
				<paraminfo> [] </paraminfo>
			</param>
		</member>
		<member name="M:OnNPCConnect" syntax="OnNPCConnect(myplayerid)">
			<stacksize value="1"/>
			<param name="myplayerid">
			</param>
		</member>
		<member name="M:OnNPCDisconnect" syntax="OnNPCDisconnect(reason[])">
			<stacksize value="1"/>
			<param name="reason">
				<paraminfo> [] </paraminfo>
			</param>
		</member>
		<member name="M:OnNPCEnterVehicle" syntax="OnNPCEnterVehicle(vehicleid, seatid)">
			<stacksize value="1"/>
			<param name="vehicleid">
			</param>
			<param name="seatid">
			</param>
		</member>
		<member name="M:OnNPCExitVehicle" syntax="OnNPCExitVehicle()">
			<stacksize value="1"/>
		</member>
		<member name="M:OnNPCModeExit" syntax="OnNPCModeExit()">
			<stacksize value="1"/>
		</member>
		<member name="M:OnNPCModeInit" syntax="OnNPCModeInit()">
			<stacksize value="1"/>
		</member>
		<member name="M:OnNPCSpawn" syntax="OnNPCSpawn()">
			<stacksize value="1"/>
		</member>
		<member name="M:OnPlayerDeath" syntax="OnPlayerDeath(playerid)">
			<stacksize value="1"/>
			<param name="playerid">
			</param>
		</member>
		<member name="M:OnPlayerStreamIn" syntax="OnPlayerStreamIn(playerid)">
			<stacksize value="1"/>
			<param name="playerid">
			</param>
		</member>
		<member name="M:OnPlayerStreamOut" syntax="OnPlayerStreamOut(playerid)">
			<stacksize value="1"/>
			<param name="playerid">
			</param>
		</member>
		<member name="M:OnPlayerText" syntax="OnPlayerText(playerid, text[])">
			<stacksize value="1"/>
			<param name="playerid">
			</param>
			<param name="text">
				<paraminfo> [] </paraminfo>
			</param>
		</member>
		<member name="M:OnRecordingPlaybackEnd" syntax="OnRecordingPlaybackEnd()">
			<stacksize value="1"/>
		</member>
		<member name="M:OnVehicleStreamIn" syntax="OnVehicleStreamIn(vehicleid)">
			<stacksize value="1"/>
			<param name="vehicleid">
			</param>
		</member>
		<member name="M:OnVehicleStreamOut" syntax="OnVehicleStreamOut(vehicleid)">
			<stacksize value="1"/>
			<param name="vehicleid">
			</param>
		</member>
		<member name="M:float" syntax="float(value)">
			<tagname value="Float"/>
			<attribute name="native"/>
			<referrer name="operator*(Float:,_:)"/>
			<referrer name="operator/(Float:,_:)"/>
			<referrer name="operator/(_:,Float:)"/>
			<referrer name="operator+(Float:,_:)"/>
			<referrer name="operator-(Float:,_:)"/>
			<referrer name="operator-(_:,Float:)"/>
			<referrer name="operator==(Float:,_:)"/>
			<referrer name="operator!=(Float:,_:)"/>
			<referrer name="operator&gt;(Float:,_:)"/>
			<referrer name="operator&gt;(_:,Float:)"/>
			<referrer name="operator&gt;=(Float:,_:)"/>
			<referrer name="operator&gt;=(_:,Float:)"/>
			<referrer name="operator&lt;(Float:,_:)"/>
			<referrer name="operator&lt;(_:,Float:)"/>
			<referrer name="operator&lt;=(Float:,_:)"/>
			<referrer name="operator&lt;=(_:,Float:)"/>
			<param name="value">
			</param>
		</member>
		<member name="M:floatadd" syntax="floatadd(oper1, oper2)">
			<tagname value="Float"/>
			<attribute name="native"/>
			<referrer name="operator+(Float:,_:)"/>
			<param name="oper1">
				<paraminfo>Float </paraminfo>
			</param>
			<param name="oper2">
				<paraminfo>Float </paraminfo>
			</param>
		</member>
		<member name="M:floatcmp" syntax="floatcmp(oper1, oper2)">
			<attribute name="native"/>
			<referrer name="operator==(Float:,Float:)"/>
			<referrer name="operator==(Float:,_:)"/>
			<referrer name="operator!=(Float:,Float:)"/>
			<referrer name="operator!=(Float:,_:)"/>
			<referrer name="operator&gt;(Float:,Float:)"/>
			<referrer name="operator&gt;(Float:,_:)"/>
			<referrer name="operator&gt;(_:,Float:)"/>
			<referrer name="operator&gt;=(Float:,Float:)"/>
			<referrer name="operator&gt;=(Float:,_:)"/>
			<referrer name="operator&gt;=(_:,Float:)"/>
			<referrer name="operator&lt;(Float:,Float:)"/>
			<referrer name="operator&lt;(Float:,_:)"/>
			<referrer name="operator&lt;(_:,Float:)"/>
			<referrer name="operator&lt;=(Float:,Float:)"/>
			<referrer name="operator&lt;=(Float:,_:)"/>
			<referrer name="operator&lt;=(_:,Float:)"/>
			<param name="oper1">
				<paraminfo>Float </paraminfo>
			</param>
			<param name="oper2">
				<paraminfo>Float </paraminfo>
			</param>
		</member>
		<member name="M:floatdiv" syntax="floatdiv(dividend, divisor)">
			<tagname value="Float"/>
			<attribute name="native"/>
			<referrer name="operator/(Float:,_:)"/>
			<referrer name="operator/(_:,Float:)"/>
			<param name="dividend">
				<paraminfo>Float </paraminfo>
			</param>
			<param name="divisor">
				<paraminfo>Float </paraminfo>
			</param>
		</member>
		<member name="M:floatmul" syntax="floatmul(oper1, oper2)">
			<tagname value="Float"/>
			<attribute name="native"/>
			<referrer name="operator*(Float:,_:)"/>
			<param name="oper1">
				<paraminfo>Float </paraminfo>
			</param>
			<param name="oper2">
				<paraminfo>Float </paraminfo>
			</param>
		</member>
		<member name="M:floatsub" syntax="floatsub(oper1, oper2)">
			<tagname value="Float"/>
			<attribute name="native"/>
			<referrer name="operator-(Float:,_:)"/>
			<referrer name="operator-(_:,Float:)"/>
			<param name="oper1">
				<paraminfo>Float </paraminfo>
			</param>
			<param name="oper2">
				<paraminfo>Float </paraminfo>
			</param>
		</member>
		<member name="M:main" syntax="main()">
			<attribute name="entry"/>
			<stacksize value="3"/>
			<dependency name="printf"/>
		</member>
		<member name="M:printf" syntax="printf(format[], ...)">
			<attribute name="native"/>
			<referrer name="main"/>
			<param name="format">
				<paraminfo> [] </paraminfo>
			</param>
			<param name="...">
				<paraminfo> {Float,_} </paraminfo>
			</param>
		</member>

	</members>
</doc>
