<meta>
    <info gamemodes="race" type="map" name="[PJ]RockDive" author="NA" version="1.0.0" description="Test"></info>
    <map src="RockDive.map" dimension="0"></map>
    <settings>
        <setting name="#skins" value='[ &quot;cj&quot; ]'></setting>
        <setting name="#maxplayers" value="[ 128 ]"></setting>
        <setting name="#gamespeed" value="[ 1 ]"></setting>
        <setting name="#ghostmode" value='[ &quot;false&quot; ]'></setting>
        <setting name="#time" value="4:0"></setting>
        <setting name="#vehicleweapons" value='[ &quot;false&quot; ]'></setting>
        <setting name="#minplayers" value="[ 0 ]"></setting>
        <setting name="#weather" value="[ 0 ]"></setting>
        <setting name="#gravity" value="[ 0.008000 ]"></setting>
        <setting name="#waveheight" value="[ 0 ]"></setting>
        <setting name="#respawntime" value="[ 5 ]"></setting>
        <setting name="#locked_time" value="[ false ]"></setting>
        <setting name="#duration" value="[ 1800 ]"></setting>
        <setting name="#respawn" value='[ &quot;timelimit&quot; ]'></setting>
    </settings>
</meta>
